{"cameraMode":{"drawMode":0,"name":"Shaded","section":"Shading Mode"},"sceneLighting":false,"audioPlay":false,"sceneViewState":{"m_AlwaysRefresh":false,"showFog":true,"showSkybox":false,"showFlares":true,"showImageEffects":true,"showParticleSystems":true,"showVisualEffectGraphs":true,"m_FxEnabled":true},"in2DMode":false,"pivot":{"x":0.29514431953430178,"y":1.5321004390716553,"z":2.353738784790039},"rotation":{"x":0.028131507337093355,"y":-0.9663575887680054,"z":0.23306848108768464,"w":0.10319656133651734},"size":2.459505319595337,"orthographic":false}