{"cameraMode":{"drawMode":0,"name":"Shaded","section":"Shading Mode"},"sceneLighting":false,"audioPlay":false,"sceneViewState":{"m_AlwaysRefresh":false,"showFog":true,"showSkybox":false,"showFlares":true,"showImageEffects":true,"showParticleSystems":true,"showVisualEffectGraphs":true,"m_FxEnabled":true},"in2DMode":false,"pivot":{"x":0.04946637153625488,"y":2.0160365104675295,"z":-0.004999637603759766},"rotation":{"x":0.021503234282135965,"y":0.9779728651046753,"z":-0.13887031376361848,"w":0.15386824309825898},"size":4.099781036376953,"orthographic":false}