{"cameraMode":{"drawMode":0,"name":"Shaded","section":"Shading Mode"},"sceneLighting":false,"audioPlay":false,"sceneViewState":{"m_AlwaysRefresh":false,"showFog":true,"showSkybox":false,"showFlares":true,"showImageEffects":true,"showParticleSystems":true,"showVisualEffectGraphs":true,"m_FxEnabled":true},"in2DMode":false,"pivot":{"x":-15.637714385986329,"y":-11.421706199645996,"z":21.648916244506837},"rotation":{"x":-0.19967344403266908,"y":0.3158658444881439,"z":-0.05267485976219177,"w":-0.9257712364196777},"size":24.595121383666993,"orthographic":false}